id,caller_id,callee_as_customer_id,callee_as_person_id,started_at,duration
1,20,,19,2018-07-10T13:11:49,609
2,88,,55,2018-05-30T22:17:41,25
3,81,,266,2018-08-11T08:20:06,1681
4,28,,100,2018-06-02T10:25:16,124
5,32,,201,2018-07-28T15:08:18,420
6,80,70,,2018-07-18T00:35:01,9290
7,94,,174,2018-07-11T01:10:03,136
8,76,,285,2018-07-17T09:02:46,176
9,22,,88,2018-05-30T06:22:40,3500
10,4,,206,2018-06-24T11:25:52,2710
11,100,,149,2018-08-26T04:33:20,64
12,14,,79,2018-07-14T21:45:05,321
13,45,,21,2018-08-14T21:25:03,699
14,49,,208,2018-07-02T13:50:46,1014
15,41,,57,2018-07-28T21:11:47,2102
16,60,,74,2018-08-13T17:53:10,89
17,71,,152,2018-06-28T22:13:28,926
18,33,,254,2018-07-23T06:41:33,1887
19,10,,63,2018-05-29T23:35:38,2484
20,91,,79,2018-07-01T03:41:01,403
21,21,,136,2018-08-01T05:16:09,540
22,59,,159,2018-06-16T23:25:57,476
23,75,,285,2018-08-16T21:43:50,134
24,63,,93,2018-06-09T16:51:30,2887
25,31,,71,2018-08-19T23:22:29,1302
26,1,,51,2018-06-15T22:21:17,137
27,66,,201,2018-07-09T18:21:32,39
28,83,40,,2018-07-01T11:41:35,9567
29,51,,87,2018-07-19T01:45:10,2780
30,85,,177,2018-06-12T14:38:13,3017
31,17,5,,2018-08-25T23:33:27,9556
32,34,,96,2018-07-02T17:35:13,90
33,16,,45,2018-07-12T18:23:18,105
34,84,,114,2018-07-19T06:09:37,577
35,23,,258,2018-08-13T16:04:51,775
36,27,,9,2018-06-06T22:59:21,63
37,53,,154,2018-06-23T07:33:50,2798
38,52,,100,2018-08-08T02:12:27,49
39,39,,187,2018-08-06T10:47:39,114
40,35,,176,2018-06-24T02:08:33,85
41,93,,91,2018-08-26T22:23:42,103
42,26,70,,2018-07-19T18:33:56,1690
43,46,,78,2018-06-21T21:32:42,8
44,69,,26,2018-06-18T18:13:20,6
45,87,92,,2018-07-24T23:29:51,6378
46,5,69,,2018-08-06T14:38:12,4274
47,98,,262,2018-07-09T11:15:57,1110
48,77,,281,2018-08-18T16:00:22,108
49,8,,211,2018-06-14T03:09:09,661
50,2,,100,2018-07-09T12:05:52,983
51,24,,239,2018-07-15T12:53:04,17
52,79,,171,2018-07-28T10:16:04,3525
53,9,,255,2018-06-19T21:43:43,35
54,18,70,,2018-06-19T09:37:05,6493
55,89,74,,2018-06-21T15:39:43,1374
56,86,,13,2018-08-12T05:33:30,469
57,70,,218,2018-07-06T02:03:30,141
58,97,,30,2018-08-09T14:50:07,13
59,30,,275,2018-07-21T04:38:46,1279
60,25,,129,2018-06-29T21:51:48,333
61,48,,16,2018-06-18T03:33:47,66
62,29,,81,2018-07-17T21:40:37,95
63,15,,99,2018-07-09T16:26:19,15
64,74,,292,2018-06-15T07:08:43,405
65,38,,248,2018-08-17T08:35:38,329
66,65,,145,2018-06-10T22:19:41,151
67,73,,248,2018-07-30T18:00:31,8
68,68,,272,2018-07-27T04:52:11,17
69,37,,294,2018-08-07T13:44:28,1128
70,96,,28,2018-08-02T01:26:11,50
71,40,,277,2018-07-19T13:21:12,2908
72,36,,184,2018-07-10T17:42:53,557
73,11,,271,2018-07-19T17:59:03,106
74,61,,110,2018-07-14T19:49:10,85
75,67,,99,2018-05-29T00:43:40,178
76,47,,102,2018-07-05T21:09:40,438
77,82,,293,2018-08-14T19:31:23,769
78,58,,144,2018-07-03T09:01:25,994
79,57,,31,2018-07-30T10:06:28,122
80,95,,20,2018-06-03T15:08:54,202
81,3,,42,2018-07-28T13:28:02,4
82,72,15,,2018-07-08T12:38:03,7999
83,90,,272,2018-06-26T13:40:01,877
84,44,,231,2018-07-29T18:27:24,69
85,99,,30,2018-07-08T01:20:18,149
86,6,,15,2018-07-12T05:57:26,171
87,13,,17,2018-06-22T20:02:47,472
88,20,,268,2018-08-23T12:56:25,126
89,50,,263,2018-08-12T11:04:04,1364
90,78,30,,2018-06-06T13:34:44,5416
91,20,11,,2018-08-21T21:09:22,6214
92,62,,71,2018-06-12T15:30:34,79
93,20,,288,2018-06-02T04:06:22,174
94,43,,263,2018-05-28T02:35:49,854
95,12,,113,2018-07-17T01:50:26,302
96,55,,133,2018-08-16T04:26:44,132
97,7,,91,2018-07-26T03:55:44,95
98,19,,198,2018-07-14T00:33:43,54
99,56,18,,2018-06-15T11:33:32,5825
100,54,13,,2018-07-19T00:52:08,2729
101,83,,212,2018-07-03T13:29:21,421
102,59,,164,2018-07-24T08:02:53,3
103,58,,198,2018-06-25T04:18:48,44
104,50,,266,2018-07-22T10:47:24,65
105,26,,170,2018-07-21T22:47:54,344
106,26,,247,2018-07-07T09:37:09,350
107,42,,24,2018-06-04T03:14:48,981
108,71,,198,2018-07-24T14:36:54,2936
109,8,,151,2018-06-12T01:54:14,134
110,53,,80,2018-06-29T16:04:12,172
111,5,,149,2018-08-11T15:09:37,144
112,9,27,,2018-07-22T18:13:31,1956
113,100,,268,2018-06-03T16:16:46,1185
114,68,,143,2018-08-11T01:06:18,114
115,63,,19,2018-05-29T11:17:47,92
116,70,,203,2018-08-08T03:29:00,127
117,93,40,,2018-07-29T04:47:33,7114
118,43,42,,2018-06-08T20:42:12,4172
119,67,,298,2018-06-18T19:00:39,927
120,3,,232,2018-07-07T00:54:40,790
121,2,,243,2018-07-02T12:22:05,2159
122,19,,62,2018-06-23T06:39:21,80
123,69,,94,2018-08-19T23:38:37,4
124,54,51,,2018-07-09T18:51:21,1901
125,35,,122,2018-07-24T12:39:41,256
126,36,,26,2018-06-10T04:32:34,50
127,48,,269,2018-07-29T23:09:54,266
128,25,,39,2018-08-09T07:33:53,79
129,5,,260,2018-06-07T21:13:56,1662
130,69,,140,2018-07-25T02:40:52,895
131,30,,243,2018-08-25T06:34:23,3218
132,26,71,,2018-07-23T00:20:41,5814
133,85,,117,2018-07-12T10:37:46,808
134,50,,90,2018-07-03T11:42:09,178
135,98,65,,2018-07-20T23:55:21,8572
136,33,,160,2018-07-24T07:24:41,90
137,82,76,,2018-07-11T15:05:27,5751
138,45,,231,2018-07-05T06:54:34,103
139,86,,206,2018-07-04T04:44:58,982
140,65,77,,2018-08-21T02:18:07,6259
141,54,18,,2018-07-22T04:14:16,7505
142,36,7,,2018-06-17T15:05:22,3413
143,95,,241,2018-07-07T22:57:46,175
144,40,,217,2018-06-28T08:12:38,55
145,95,89,,2018-08-19T19:11:45,4346
146,24,,43,2018-05-30T11:52:02,387
147,52,,277,2018-07-06T09:29:59,21
148,84,92,,2018-07-12T17:50:00,5095
149,28,91,,2018-07-21T22:39:11,5687
150,41,73,,2018-08-19T02:57:08,9537
151,53,,76,2018-06-30T00:23:52,752
152,26,,104,2018-08-26T08:22:12,1160
153,91,,263,2018-08-02T19:53:51,56
154,80,85,,2018-06-22T08:38:04,4327
155,41,,190,2018-08-10T14:35:49,79
156,40,3,,2018-06-29T22:32:40,7931
157,84,,293,2018-07-12T01:25:32,808
158,94,,269,2018-08-10T14:38:12,835
159,7,61,,2018-08-09T12:09:29,4663
160,100,,282,2018-06-16T08:05:00,369
161,91,,270,2018-07-30T19:04:47,15
162,79,,184,2018-07-23T18:33:38,108
163,87,,42,2018-08-18T17:27:59,706
164,30,,238,2018-08-26T08:33:20,849
165,58,,274,2018-07-05T21:00:47,136
166,13,,71,2018-07-26T20:36:22,621
167,34,,71,2018-08-01T23:40:33,152
168,37,,189,2018-08-23T23:59:20,115
169,51,,286,2018-08-20T03:26:42,609
170,57,,169,2018-06-04T11:56:50,168
171,33,46,,2018-06-07T09:30:54,3231
172,6,,159,2018-07-13T11:45:16,13
173,62,,160,2018-07-04T06:39:10,122
174,26,,178,2018-08-16T02:45:57,1112
175,82,,141,2018-06-16T15:20:58,127
176,5,,73,2018-06-02T16:36:52,2335
177,64,10,,2018-08-04T05:20:15,9161
178,67,,176,2018-07-18T17:27:27,577
179,16,,105,2018-07-09T22:11:16,151
180,66,,128,2018-08-25T18:48:43,209
181,80,,30,2018-08-04T12:06:49,537
182,94,,231,2018-06-09T05:07:07,156
183,20,,59,2018-07-12T05:21:44,1085
184,49,,255,2018-06-22T18:42:26,160
185,94,,52,2018-06-24T08:52:41,186
186,85,,9,2018-06-05T00:59:35,498
187,100,,142,2018-07-09T03:14:41,3279
188,79,,98,2018-08-14T02:18:27,65
189,59,,18,2018-08-03T19:45:24,39
190,31,,222,2018-06-01T17:40:08,100
191,40,39,,2018-07-11T22:22:57,7128
192,7,,221,2018-07-27T07:37:07,171
193,44,,114,2018-05-30T17:10:11,645
194,37,61,,2018-08-06T23:39:50,2572
195,67,,200,2018-08-17T23:41:22,177
196,73,,94,2018-07-08T04:05:25,93
197,64,,86,2018-05-27T03:09:37,151
198,85,,276,2018-07-23T17:22:08,2283
199,73,,52,2018-07-25T05:13:32,113
200,54,,47,2018-07-16T13:29:03,54
201,84,,12,2018-07-10T22:49:52,1193
202,41,,185,2018-06-27T14:58:06,3351
203,36,,4,2018-08-09T01:40:54,2365
204,33,34,,2018-07-19T22:57:01,7658
205,45,,115,2018-07-28T13:14:25,88
206,98,,17,2018-05-27T08:15:36,183
207,21,97,,2018-08-08T03:59:26,2987
208,48,,253,2018-07-20T10:05:44,1178
209,96,,268,2018-08-25T05:59:53,448
210,35,,162,2018-08-04T08:04:29,143
211,42,,244,2018-08-14T12:26:33,135
212,19,,55,2018-07-03T08:26:44,42
213,72,,71,2018-06-11T08:24:32,467
214,82,,185,2018-07-10T23:36:33,85
215,1,,287,2018-06-21T13:47:04,1017
216,1,,135,2018-08-18T21:34:07,1047
217,39,,29,2018-06-17T23:56:01,284
218,28,,264,2018-08-22T11:39:39,231
219,61,,300,2018-08-14T03:52:37,22
220,51,,89,2018-08-05T03:44:12,1148
221,56,47,,2018-07-22T16:49:55,6460
222,37,54,,2018-06-03T11:54:51,3923
223,98,,68,2018-06-09T19:37:49,2019
224,11,,283,2018-07-12T17:24:36,3026
225,42,,149,2018-06-30T21:39:37,146
226,34,,55,2018-07-09T07:50:15,159
227,12,,131,2018-07-21T21:22:23,179
228,5,,151,2018-07-30T19:51:10,407
229,61,,232,2018-06-26T16:54:00,82
230,80,,31,2018-07-16T02:47:35,2182
231,24,83,,2018-06-21T22:09:01,5256
232,51,41,,2018-06-30T05:22:47,6816
233,6,,210,2018-07-11T02:34:53,144
234,1,,95,2018-06-20T23:08:44,473
235,36,,297,2018-08-25T15:21:42,172
236,7,,277,2018-05-27T23:18:04,69
237,53,,271,2018-06-01T03:56:35,126
238,50,,11,2018-07-16T13:26:44,1057
239,9,,113,2018-08-11T13:42:01,1089
240,69,,242,2018-06-21T00:55:11,150
241,94,82,,2018-08-25T19:21:19,4979
242,70,,123,2018-05-27T06:41:53,3277
243,35,86,,2018-08-23T12:23:37,5145
244,93,,63,2018-08-20T08:52:53,93
245,58,,100,2018-06-16T10:29:39,134
246,78,,238,2018-06-07T14:08:31,44
247,93,,196,2018-06-09T22:16:49,56
248,72,97,,2018-06-26T00:23:06,7123
249,88,,93,2018-08-04T05:25:10,560
250,8,,262,2018-07-12T02:17:50,61
251,68,,70,2018-08-15T13:59:28,133
252,31,,190,2018-06-18T10:55:12,1059
253,64,78,,2018-07-29T10:46:46,9536
254,86,,197,2018-06-22T17:46:34,165
255,76,44,,2018-07-01T09:54:52,1410
256,29,85,,2018-07-08T17:12:10,5361
257,28,,84,2018-05-28T05:45:14,73
258,61,,264,2018-07-29T13:29:22,3329
259,99,,93,2018-05-30T04:35:18,98
260,86,,239,2018-08-07T02:55:03,404
261,31,,271,2018-08-23T15:48:58,160
262,9,,133,2018-07-28T03:59:34,180
263,41,,279,2018-08-09T01:16:55,75
264,29,,267,2018-07-15T09:38:58,2477
265,46,98,,2018-06-25T19:06:36,5393
266,51,,3,2018-07-30T09:04:09,1658
267,92,,62,2018-06-18T17:40:33,151
268,66,,42,2018-08-26T14:56:54,3056
269,56,,18,2018-07-23T18:07:46,727
270,13,,194,2018-07-20T16:34:20,431
271,9,,275,2018-08-07T11:04:58,188
272,45,,184,2018-08-05T08:02:44,157
273,89,,188,2018-06-14T15:28:16,228
274,27,,202,2018-05-27T13:58:42,566
275,52,,235,2018-06-02T07:54:02,24
276,55,63,,2018-06-23T20:49:36,8176
277,25,,157,2018-07-19T20:54:13,3057
278,34,,210,2018-06-23T08:23:18,837
279,87,,2,2018-08-18T19:54:35,177
280,19,,108,2018-06-25T03:45:36,517
281,24,,253,2018-06-21T18:16:23,819
282,74,,21,2018-06-09T15:31:22,171
283,90,,74,2018-06-21T08:32:45,1187
284,52,33,,2018-07-02T15:10:43,1822
285,24,,260,2018-06-26T21:44:47,1096
286,18,,142,2018-07-21T12:46:24,821
287,29,,6,2018-08-16T02:42:33,179
288,21,36,,2018-08-03T00:52:52,1255
289,56,,38,2018-07-11T01:19:54,67
290,16,,111,2018-06-15T05:43:13,177
291,15,,272,2018-06-10T08:45:58,172
292,86,,13,2018-08-12T05:05:47,51
293,15,,260,2018-07-03T09:02:51,294
294,97,,285,2018-07-24T18:24:29,976
295,48,26,,2018-07-05T22:30:26,5771
296,72,,9,2018-07-09T19:01:35,570
297,40,10,,2018-06-07T15:48:28,3998
298,89,,49,2018-07-01T23:39:21,53
299,57,,56,2018-06-30T15:07:23,1748
300,92,,198,2018-06-28T06:44:39,149
301,46,,243,2018-08-12T19:55:39,868
302,92,,174,2018-06-02T09:19:47,717
303,65,,169,2018-08-17T02:43:22,99
304,97,,299,2018-07-02T13:15:45,385
305,76,,209,2018-07-25T01:38:36,56
306,66,,292,2018-05-30T16:41:36,9
307,36,,161,2018-05-30T03:29:22,601
308,91,,296,2018-05-30T17:46:36,161
309,73,,248,2018-06-17T05:04:37,122
310,8,60,,2018-08-11T06:39:22,7096
311,51,,275,2018-06-07T20:49:37,1078
312,45,,277,2018-08-26T01:47:27,60
313,91,,186,2018-06-30T01:23:25,725
314,1,,60,2018-08-26T21:12:04,1680
315,43,,225,2018-07-24T03:28:15,732
316,66,,286,2018-07-12T07:42:46,781
317,95,,259,2018-08-18T15:43:01,350
318,76,,125,2018-06-07T15:11:10,22
319,15,,245,2018-07-08T01:22:10,117
320,17,,197,2018-07-19T10:50:18,31
321,58,,231,2018-07-02T19:12:46,973
322,32,,67,2018-07-16T18:29:19,1000
323,34,,126,2018-07-07T03:33:15,96
324,19,,76,2018-08-24T11:46:57,77
325,45,6,,2018-06-19T14:10:56,7362
326,13,,289,2018-08-10T19:54:54,128
327,8,,82,2018-07-02T08:08:22,2932
328,79,,185,2018-06-07T20:56:11,2282
329,45,,265,2018-06-26T13:08:58,76
330,4,3,,2018-07-22T13:31:23,7979
331,56,,194,2018-08-23T14:19:47,2957
332,1,,174,2018-05-27T02:05:40,43
333,78,14,,2018-07-13T21:33:02,4794
334,20,,153,2018-08-16T21:25:58,2905
335,19,83,,2018-07-12T12:20:01,2544
336,48,,249,2018-07-08T05:40:44,149
337,14,,32,2018-08-06T09:07:17,334
338,87,,140,2018-05-27T21:50:21,1073
339,7,91,,2018-07-28T14:02:27,6925
340,43,,216,2018-07-26T10:31:06,725
341,51,,247,2018-06-19T18:23:39,1006
342,69,,234,2018-06-11T07:55:29,130
343,73,,278,2018-08-15T07:13:09,66
344,10,,161,2018-07-10T04:30:38,128
345,35,,156,2018-07-20T19:49:56,100
346,32,,83,2018-08-03T23:09:37,461
347,82,,184,2018-07-24T20:16:20,942
348,64,6,,2018-06-23T12:00:20,6438
349,93,57,,2018-06-03T19:25:54,9814
350,95,,231,2018-06-07T02:51:23,1394
351,26,,204,2018-07-30T18:41:05,178
352,62,,8,2018-05-28T03:28:34,175
353,50,,73,2018-06-19T19:41:44,358
354,59,,53,2018-06-22T01:32:10,624
355,15,83,,2018-08-05T08:19:59,6458
356,44,,131,2018-08-18T22:14:44,140
357,46,39,,2018-06-15T19:54:06,8304
358,99,,299,2018-07-25T13:38:47,888
359,33,,112,2018-06-02T04:54:25,679
360,37,,223,2018-08-13T01:16:14,77
361,73,,127,2018-07-30T19:03:17,117
362,78,,151,2018-06-02T04:16:35,150
363,45,,175,2018-06-15T17:43:57,112
364,48,,30,2018-07-06T12:25:40,710
365,89,,28,2018-06-18T13:39:55,526
366,59,,10,2018-06-26T00:18:55,365
367,43,,246,2018-07-27T07:51:53,133
368,44,37,,2018-07-14T09:16:32,4719
369,88,,167,2018-06-04T12:27:08,32
370,12,,129,2018-06-25T04:11:46,89
371,58,59,,2018-07-10T06:35:46,4574
372,35,,56,2018-07-26T16:04:45,76
373,78,,251,2018-07-16T03:44:16,46
374,12,,93,2018-06-22T00:56:02,1140
375,84,54,,2018-06-24T18:33:54,5085
376,97,,288,2018-08-08T03:33:42,167
377,18,,214,2018-07-16T14:13:41,797
378,37,,282,2018-08-26T12:24:06,137
379,87,,67,2018-07-30T18:35:09,934
380,6,,297,2018-06-09T12:00:26,738
381,8,,114,2018-06-20T09:47:21,113
382,63,,33,2018-06-03T06:41:58,121
383,68,,271,2018-07-02T20:25:22,2103
384,31,,145,2018-06-07T11:53:20,72
385,49,,162,2018-07-03T10:32:11,23
386,23,,139,2018-08-15T08:28:18,110
387,5,,269,2018-07-29T03:46:08,124
388,24,,86,2018-07-26T22:20:21,826
389,53,,3,2018-06-30T03:04:05,97
390,30,,82,2018-06-17T11:13:11,720
391,30,,283,2018-06-25T10:13:03,193
392,77,27,,2018-08-11T15:11:14,6324
393,25,,193,2018-07-19T15:44:49,169
394,6,,3,2018-06-15T07:26:44,148
395,82,,178,2018-07-18T22:40:31,610
396,17,,137,2018-07-01T18:30:17,90
397,91,,224,2018-05-30T13:20:22,347
398,1,,251,2018-08-15T03:47:32,502
399,39,,294,2018-08-20T04:18:16,2042
400,67,,11,2018-06-14T22:49:48,23
401,53,,211,2018-06-17T01:43:06,398
402,80,,33,2018-08-08T03:03:20,29
403,40,,79,2018-06-26T11:11:27,2579
404,57,,95,2018-07-17T18:10:41,107
405,38,,72,2018-08-10T00:16:35,127
406,72,47,,2018-08-19T01:15:21,5664
407,51,42,,2018-08-01T19:47:34,9689
408,39,,288,2018-08-08T14:02:50,1091
409,53,,114,2018-07-18T10:21:07,297
410,80,,252,2018-08-21T09:19:14,413
411,10,,294,2018-08-07T04:18:50,1119
412,2,,121,2018-06-16T21:32:10,95
413,73,,246,2018-06-28T02:53:11,405
414,84,84,,2018-06-25T22:49:17,1835
415,19,,242,2018-07-31T18:26:08,817
416,7,,296,2018-08-19T14:23:45,3271
417,52,10,,2018-07-06T09:34:21,6793
418,85,,125,2018-06-05T03:13:13,138
419,30,37,,2018-07-15T16:56:37,6015
420,96,24,,2018-08-13T23:06:11,7547
421,95,,182,2018-07-07T00:37:30,26
422,54,66,,2018-06-20T17:53:07,10354
423,35,42,,2018-07-06T01:30:57,10026
424,9,,282,2018-07-03T01:09:56,50
425,61,,227,2018-06-30T01:54:15,633
426,76,31,,2018-06-26T11:19:38,3963
427,40,,229,2018-06-02T20:13:00,506
428,92,,112,2018-07-15T13:47:00,84
429,74,,94,2018-07-23T15:20:01,118
430,84,,20,2018-07-05T13:28:33,79
431,94,,2,2018-08-23T03:43:10,114
432,59,92,,2018-07-03T18:05:32,10196
433,9,,274,2018-08-04T17:49:37,179
434,46,,251,2018-06-28T00:02:19,141
435,20,,160,2018-06-17T02:59:58,1504
436,51,35,,2018-07-07T00:20:41,8813
437,85,71,,2018-06-25T07:52:50,4337
438,31,15,,2018-07-30T19:03:18,6023
439,91,11,,2018-07-17T08:31:38,5175
440,35,,286,2018-06-13T19:10:18,41
441,72,,251,2018-08-11T01:26:01,535
442,39,,190,2018-07-16T01:38:42,178
443,11,61,,2018-08-26T16:31:51,1595
444,70,,6,2018-08-20T18:25:03,174
445,64,,172,2018-08-22T15:22:16,101
446,6,,167,2018-08-24T19:04:01,730
447,16,,27,2018-07-02T18:28:52,206
448,67,,27,2018-07-21T19:21:53,119
449,98,,163,2018-05-30T06:50:11,166
450,66,,183,2018-08-14T06:58:56,99
451,7,,217,2018-06-02T23:51:49,56
452,59,,170,2018-08-26T08:38:45,876
453,21,,291,2018-05-30T16:25:32,739
454,40,,8,2018-06-13T22:46:57,146
455,7,,275,2018-05-30T08:11:58,10
456,74,,111,2018-08-22T20:52:43,1648
457,55,,87,2018-07-14T01:39:10,145
458,45,14,,2018-06-22T14:10:30,8718
459,98,85,,2018-06-12T16:42:02,6280
460,38,,246,2018-07-25T20:47:06,152
461,53,,137,2018-06-27T04:16:54,162
462,24,,64,2018-05-30T02:03:05,2832
463,36,,89,2018-06-19T08:58:35,885
464,99,,116,2018-07-11T13:09:51,1107
465,29,,146,2018-06-19T06:27:05,53
466,98,,31,2018-07-27T17:04:51,949
467,49,,282,2018-07-02T10:24:42,111
468,86,,78,2018-07-20T01:47:37,294
469,67,,51,2018-08-09T00:11:11,145
470,72,,39,2018-07-04T23:52:16,171
471,25,,142,2018-08-10T20:42:16,162
472,64,,174,2018-05-30T15:05:56,848
473,11,70,,2018-08-09T16:49:31,9963
474,1,37,,2018-06-29T22:06:22,3591
475,30,54,,2018-07-20T17:59:48,9632
476,87,,122,2018-07-28T07:10:11,119
477,88,,24,2018-07-20T13:55:08,547
478,30,,187,2018-07-12T10:36:09,237
479,19,31,,2018-07-11T02:31:12,7628
480,23,,132,2018-07-23T03:13:28,145
481,88,71,,2018-08-24T17:18:29,8488
482,88,92,,2018-06-10T23:33:53,8128
483,81,,100,2018-07-08T09:12:26,2990
484,36,,75,2018-08-02T15:50:47,431
485,67,50,,2018-07-01T16:19:59,10782
486,81,,44,2018-07-08T04:23:47,130
487,90,,211,2018-07-08T22:27:53,65
488,56,,114,2018-08-09T14:33:48,2760
489,90,74,,2018-06-18T05:08:45,2956
490,4,,84,2018-07-21T10:49:46,25
491,79,,81,2018-06-04T03:30:51,327
492,9,,86,2018-07-15T23:48:06,297
493,96,,32,2018-08-22T21:49:08,137
494,47,,28,2018-08-03T13:02:02,140
495,73,,3,2018-07-04T18:28:40,682
496,97,,175,2018-07-10T22:04:49,162
497,74,,244,2018-06-09T05:46:25,104
498,22,,76,2018-08-06T02:01:44,887
499,37,,16,2018-08-08T18:45:34,712
500,65,,274,2018-08-06T17:58:10,3155
501,99,,45,2018-07-26T14:26:32,11
502,68,57,,2018-08-11T10:28:10,7283
503,7,,158,2018-05-27T09:41:39,917
504,67,,142,2018-07-05T07:33:07,411
505,2,,227,2018-08-02T14:15:16,1138
506,99,15,,2018-08-13T03:43:17,8883
507,83,,53,2018-07-03T13:32:14,18
508,44,,168,2018-06-16T04:04:47,918
509,49,,34,2018-07-21T12:54:08,34
510,23,,261,2018-06-07T21:09:42,74
511,89,,37,2018-08-10T22:22:46,87
512,21,76,,2018-07-03T22:40:21,5848
513,35,,146,2018-06-04T03:49:45,1636
514,65,,29,2018-07-02T20:58:31,4
515,90,,52,2018-06-18T15:53:09,64
516,41,,62,2018-06-26T10:26:00,3245
517,78,,71,2018-08-02T12:12:28,119
518,93,,35,2018-07-27T10:25:54,178
519,65,59,,2018-06-15T19:35:20,6547
520,73,,247,2018-06-11T16:09:21,3278
521,28,,259,2018-06-02T10:56:34,105
522,43,,185,2018-07-28T02:03:00,607
523,82,,188,2018-06-03T07:17:07,27
524,44,,127,2018-07-16T00:14:04,173
525,79,26,,2018-08-19T06:58:42,4141
526,21,,224,2018-07-21T19:24:32,51
527,20,,75,2018-07-05T05:01:26,1251
528,87,,202,2018-06-20T22:07:22,673
529,44,93,,2018-06-05T00:56:40,3584
530,16,,231,2018-08-08T01:10:59,63
531,17,,115,2018-08-25T10:12:43,175
532,14,,108,2018-08-19T10:19:40,1280
533,12,69,,2018-08-03T12:55:56,8598
534,28,,35,2018-07-29T00:08:22,958
535,58,,134,2018-06-21T23:38:05,1010
536,90,,208,2018-06-04T02:25:07,2773
537,9,81,,2018-06-14T11:08:11,10512
538,41,,214,2018-06-06T05:05:02,119
539,57,,103,2018-07-13T02:10:30,1149
540,67,,11,2018-07-22T21:20:43,698
541,70,,284,2018-06-06T07:44:24,1149
542,84,,91,2018-08-03T00:25:39,69
543,34,,204,2018-06-30T07:05:34,835
544,31,,125,2018-07-25T03:04:31,582
545,10,,153,2018-06-02T04:18:27,89
546,17,,190,2018-06-08T16:16:54,681
547,31,,77,2018-06-10T20:14:56,365
548,94,,238,2018-07-19T07:12:55,166
549,19,,138,2018-06-21T01:41:32,131
550,41,,246,2018-06-28T18:23:47,163
551,28,,93,2018-07-27T12:34:38,966
552,92,,234,2018-06-04T06:19:56,1175
553,7,,20,2018-07-14T03:11:07,2425
554,10,,4,2018-07-04T09:14:11,34
555,28,,137,2018-07-13T08:16:31,105
556,40,,77,2018-06-02T17:44:50,154
557,83,,82,2018-08-21T07:51:35,136
558,16,54,,2018-08-03T21:18:55,3113
559,88,,25,2018-06-04T21:50:25,3065
560,22,,249,2018-06-11T00:25:43,110
561,58,2,,2018-07-06T20:07:51,10509
562,40,,186,2018-07-25T16:40:24,55
563,76,,143,2018-07-08T15:55:04,1056
564,66,15,,2018-06-18T01:14:19,5032
565,63,,100,2018-07-05T08:31:36,151
566,30,10,,2018-07-24T15:49:07,3319
567,94,,256,2018-08-17T19:13:48,140
568,57,38,,2018-07-06T11:32:44,4075
569,66,,129,2018-08-26T21:10:27,137
570,16,,184,2018-06-09T01:13:36,2956
571,88,,184,2018-08-23T13:31:43,859
572,80,7,,2018-07-05T09:25:43,9876
573,40,,212,2018-07-03T14:33:49,874
574,2,,8,2018-07-13T12:12:29,2571
575,62,87,,2018-07-13T22:14:59,2116
576,3,,230,2018-07-22T21:48:42,895
577,20,87,,2018-07-23T13:29:52,4136
578,21,9,,2018-08-05T12:00:29,10581
579,9,,141,2018-08-11T23:36:47,378
580,12,,84,2018-08-20T22:28:58,1181
581,6,,165,2018-07-15T12:38:37,774
582,86,,147,2018-06-06T04:18:25,1063
583,77,,276,2018-06-27T19:39:39,174
584,40,53,,2018-06-12T10:37:45,1688
585,46,,46,2018-08-09T06:47:06,457
586,74,,211,2018-06-06T01:41:10,137
587,65,,79,2018-08-22T11:18:45,93
588,64,48,,2018-08-12T06:52:32,5065
589,56,,111,2018-06-25T12:36:51,98
590,26,,259,2018-08-03T13:00:08,66
591,97,22,,2018-05-31T18:01:28,4520
592,25,22,,2018-06-15T00:08:31,10439
593,83,,21,2018-06-12T00:50:24,798
594,54,,174,2018-06-23T03:45:33,439
595,11,,73,2018-07-19T21:53:28,226
596,17,,15,2018-06-03T21:44:35,144
597,84,,210,2018-08-21T07:52:24,4
598,92,,203,2018-07-31T05:14:31,130
599,91,,212,2018-08-03T00:17:06,92
600,66,,105,2018-07-03T03:24:43,129
601,97,,279,2018-08-03T17:39:45,496
602,4,,266,2018-07-05T04:28:32,325
603,99,,260,2018-08-07T00:06:01,2987
604,36,,165,2018-08-15T17:39:14,410
605,94,,283,2018-07-10T21:21:49,12
606,1,,211,2018-06-21T22:48:54,1907
607,53,,146,2018-08-23T19:38:41,780
608,37,,178,2018-06-08T12:54:55,172
609,59,,98,2018-08-25T17:26:09,123
610,19,,288,2018-08-17T14:37:02,506
611,10,4,,2018-06-20T16:04:30,1263
612,37,47,,2018-08-08T15:31:10,4216
613,34,,223,2018-07-03T22:48:05,3005
614,60,,292,2018-06-11T01:24:40,161
615,20,,227,2018-05-31T03:47:24,454
616,72,,220,2018-06-08T22:04:50,945
617,86,59,,2018-06-03T12:16:09,7636
618,90,,75,2018-06-15T19:27:24,1417
619,66,,26,2018-08-19T23:53:29,1352
620,44,,179,2018-06-02T17:15:59,178
621,15,,22,2018-07-16T12:33:32,17
622,46,,269,2018-07-11T16:46:11,175
623,78,,263,2018-08-25T07:23:54,294
624,48,,179,2018-06-06T22:02:03,1459
625,24,,280,2018-08-12T09:03:52,72
626,19,,225,2018-07-10T11:52:58,835
627,37,,6,2018-08-17T18:39:43,1102
628,64,,99,2018-08-10T22:21:04,1971
629,53,,52,2018-08-20T11:29:40,738
630,95,,197,2018-06-26T05:16:57,173
631,80,,138,2018-07-06T15:24:16,826
632,62,,236,2018-08-02T08:54:17,174
633,95,,58,2018-08-07T23:28:38,194
634,94,,93,2018-08-02T22:11:10,177
635,28,12,,2018-08-13T05:17:41,1855
636,78,,136,2018-07-01T21:46:41,120
637,85,,201,2018-06-07T02:57:50,51
638,17,,96,2018-07-06T10:35:37,3493
639,29,92,,2018-06-16T06:35:24,2800
640,76,,18,2018-07-05T22:02:40,99
641,93,,196,2018-06-14T15:01:38,169
642,61,98,,2018-08-15T02:44:34,6415
643,44,,244,2018-07-17T11:41:01,87
644,96,,186,2018-08-05T13:20:16,58
645,48,,149,2018-07-14T06:07:47,985
646,12,,283,2018-08-11T08:59:35,593
647,79,,243,2018-06-17T06:27:16,867
648,9,,231,2018-06-26T08:03:48,1669
649,22,,201,2018-05-28T08:20:58,1083
650,2,86,,2018-08-01T07:34:03,6416
651,39,70,,2018-05-30T05:25:33,8542
652,77,78,,2018-06-08T08:52:38,4400
653,36,,22,2018-07-17T18:11:35,146
654,74,,229,2018-06-13T22:05:41,985
655,96,,217,2018-05-28T01:55:30,19
656,86,,149,2018-06-30T08:58:59,310
657,93,95,,2018-07-26T03:20:00,7183
658,3,,210,2018-07-05T06:08:47,121
659,8,,254,2018-06-29T05:06:20,142
660,87,,107,2018-08-26T23:33:45,2101
661,92,,287,2018-06-18T07:52:47,116
662,98,98,,2018-06-27T22:28:33,5778
663,4,,195,2018-08-22T13:06:04,160
664,3,,230,2018-08-09T02:14:42,1027
665,36,,185,2018-06-19T14:59:02,352
666,65,,107,2018-07-09T15:08:35,56
667,11,,81,2018-07-31T03:43:37,3471
668,74,26,,2018-08-04T07:09:57,5068
669,25,23,,2018-08-08T20:39:41,3293
670,26,,80,2018-08-05T19:16:15,47
671,97,,56,2018-06-20T13:01:31,132
672,93,,83,2018-08-18T05:28:24,778
673,24,19,,2018-07-22T11:32:49,2290
674,71,,267,2018-06-03T05:52:08,134
675,21,,245,2018-06-29T19:09:03,7
676,74,,175,2018-08-22T18:12:33,21
677,43,89,,2018-06-15T03:02:23,6734
678,27,,25,2018-06-02T01:17:05,92
679,81,10,,2018-06-28T11:11:34,9762
680,61,,228,2018-06-06T08:01:19,686
681,3,,151,2018-08-26T11:47:36,76
682,18,,236,2018-06-28T23:32:00,177
683,74,,272,2018-08-11T15:14:51,169
684,39,,286,2018-08-01T22:42:31,746
685,66,,191,2018-08-12T23:13:37,390
686,86,,212,2018-07-28T01:13:55,929
687,61,,64,2018-06-10T23:16:30,86
688,87,,294,2018-08-21T16:20:23,185
689,58,,7,2018-07-07T23:44:46,123
690,85,47,,2018-06-29T22:42:46,4377
691,45,,178,2018-06-15T15:50:32,621
692,81,,138,2018-08-24T17:39:20,92
693,43,,262,2018-07-31T15:49:53,1295
694,61,,51,2018-07-25T13:37:26,173
695,43,35,,2018-06-26T09:04:16,4813
696,14,,8,2018-07-27T09:33:21,646
697,50,,182,2018-06-15T01:47:46,670
698,32,,265,2018-06-01T15:27:46,1048
699,54,72,,2018-07-14T23:35:46,3774
700,35,,117,2018-08-16T08:56:49,990
701,82,,280,2018-07-20T19:03:44,2498
702,94,,220,2018-07-11T05:18:41,116
703,73,,128,2018-07-15T11:41:45,552
704,88,,202,2018-06-19T22:32:37,920
705,87,,242,2018-06-24T19:32:36,167
706,29,,294,2018-07-26T19:19:09,801
707,93,,149,2018-07-31T03:07:04,50
708,93,30,,2018-06-17T02:25:25,6107
709,24,,224,2018-08-02T22:59:12,1055
710,2,,53,2018-08-09T23:13:33,81
711,74,,286,2018-06-19T15:30:38,139
712,16,99,,2018-06-16T21:18:05,1958
713,57,,41,2018-06-17T02:44:40,128
714,17,,207,2018-06-21T06:52:53,118
715,8,,274,2018-06-25T18:22:31,602
716,100,,233,2018-07-09T00:05:51,97
717,28,,75,2018-07-17T09:22:35,2678
718,15,,283,2018-06-28T04:14:47,771
719,38,,199,2018-07-22T22:01:20,1140
720,12,,115,2018-06-08T07:57:50,608
721,99,,169,2018-07-26T05:48:28,157
722,100,,20,2018-06-04T09:45:53,469
723,53,,227,2018-06-15T00:40:11,2117
724,12,,242,2018-06-15T14:28:08,1193
725,49,,192,2018-08-27T01:26:25,404
726,47,,45,2018-06-26T21:12:01,86
727,61,,219,2018-06-27T17:34:46,662
728,34,,193,2018-06-16T05:21:35,862
729,70,,179,2018-07-07T09:19:02,2312
730,39,,276,2018-08-07T22:24:12,108
731,19,50,,2018-07-27T22:23:30,4257
732,47,74,,2018-07-17T09:43:30,8400
733,95,,288,2018-07-17T22:05:56,113
734,78,,101,2018-07-20T18:23:06,110
735,75,,92,2018-08-02T13:32:07,84
736,27,,68,2018-06-20T00:57:15,270
737,18,17,,2018-08-01T01:43:54,6149
738,18,,245,2018-08-12T06:07:21,176
739,7,,232,2018-08-15T00:46:30,562
740,60,,187,2018-07-29T20:57:02,520
741,28,,172,2018-08-16T07:51:19,108
742,72,,50,2018-07-15T18:05:59,713
743,26,,233,2018-08-04T17:01:26,3182
744,91,,256,2018-07-12T13:49:37,147
745,62,,138,2018-06-21T02:27:13,1465
746,54,,76,2018-07-21T21:08:36,783
747,70,,231,2018-07-11T06:29:49,82
748,74,,194,2018-07-14T23:42:00,55
749,27,,260,2018-06-20T10:19:56,56
750,47,,263,2018-06-12T07:05:44,63
751,40,,286,2018-07-01T12:47:17,47
752,88,,264,2018-07-06T01:20:24,148
753,9,,213,2018-08-21T02:18:08,118
754,78,,216,2018-05-28T06:44:16,165
755,14,,12,2018-06-28T10:13:28,3173
756,1,35,,2018-07-21T17:16:17,1669
757,21,,114,2018-05-29T23:34:25,408
758,66,,12,2018-07-02T01:14:19,167
759,100,,245,2018-07-26T11:16:50,2470
760,86,,133,2018-08-06T14:52:40,634
761,92,,231,2018-07-19T06:02:14,130
762,82,,234,2018-06-08T22:13:29,163
763,13,62,,2018-08-21T17:08:21,3789
764,3,,21,2018-08-21T17:45:04,100
765,74,,120,2018-07-20T23:24:38,2589
766,86,,25,2018-08-10T07:22:45,699
767,80,,177,2018-07-20T03:03:02,136
768,93,55,,2018-08-01T23:44:18,1398
769,66,,254,2018-06-17T13:11:38,64
770,3,,174,2018-08-07T01:46:25,442
771,45,,258,2018-06-02T08:34:21,3536
772,61,,159,2018-08-24T03:33:19,643
773,58,,273,2018-07-19T22:24:44,74
774,4,,290,2018-07-26T13:23:56,741
775,47,,224,2018-07-28T11:39:17,408
776,16,,47,2018-06-12T19:47:00,118
777,10,,167,2018-06-05T03:47:12,747
778,40,,172,2018-08-17T16:54:46,80
779,32,,246,2018-06-14T16:24:33,744
780,21,,257,2018-07-05T18:09:21,786
781,55,,240,2018-07-06T05:48:37,362
782,85,,100,2018-08-12T20:18:07,1895
783,51,,126,2018-08-03T10:43:04,2506
784,78,91,,2018-08-08T05:41:59,3635
785,42,96,,2018-07-23T05:09:51,2228
786,73,,87,2018-07-15T08:00:11,94
787,81,,204,2018-06-01T12:29:28,70
788,26,,68,2018-08-09T20:21:51,2721
789,31,,100,2018-06-11T02:32:40,574
790,87,,121,2018-08-16T22:33:53,190
791,64,,240,2018-06-07T22:56:31,430
792,2,75,,2018-06-30T19:55:18,4155
793,89,,160,2018-07-27T00:00:23,173
794,86,,113,2018-07-17T08:13:03,160
795,33,,221,2018-07-04T08:31:15,373
796,17,40,,2018-07-01T21:41:34,1819
797,21,33,,2018-06-20T23:38:00,4311
798,46,,22,2018-08-06T04:01:17,370
799,45,89,,2018-06-25T05:22:46,6263
800,42,,4,2018-07-20T05:34:52,133
801,10,,18,2018-08-02T07:01:06,66
802,89,,39,2018-08-15T20:38:01,109
803,1,,218,2018-07-04T05:02:30,99
804,13,,164,2018-08-26T13:19:07,119
805,24,,180,2018-05-28T00:58:55,178
806,63,,232,2018-08-06T03:55:02,3187
807,63,,278,2018-07-07T15:12:24,34
808,62,,248,2018-07-16T16:21:55,198
809,86,,20,2018-07-14T04:02:22,262
810,4,20,,2018-07-17T23:37:23,5088
811,99,,218,2018-07-19T12:59:40,747
812,87,,95,2018-06-01T15:16:53,127
813,82,,287,2018-07-25T21:26:27,11
814,69,,238,2018-06-04T04:19:31,586
815,17,,56,2018-05-28T19:31:15,85
816,22,,219,2018-06-08T16:01:17,784
817,48,,210,2018-07-27T21:12:34,9
818,77,,28,2018-08-02T05:58:24,1165
819,64,,113,2018-08-10T05:16:12,89
820,96,70,,2018-08-26T08:16:00,3498
821,77,,112,2018-05-29T01:51:26,162
822,45,,241,2018-08-13T12:22:35,883
823,84,82,,2018-07-22T03:50:00,4909
824,10,,220,2018-08-14T00:37:42,65
825,12,,195,2018-05-29T16:39:36,524
826,75,71,,2018-06-08T16:17:07,5571
827,59,,169,2018-06-28T23:35:41,123
828,77,61,,2018-07-28T02:36:57,1691
829,44,,180,2018-08-16T08:36:25,177
830,73,66,,2018-07-22T14:39:33,7135
831,21,,33,2018-06-15T08:09:17,100
832,58,25,,2018-08-02T12:56:58,1993
833,92,,262,2018-06-05T02:02:01,614
834,37,,121,2018-07-05T00:47:17,579
835,8,,201,2018-08-02T19:59:43,164
836,86,,175,2018-06-10T22:57:36,40
837,30,,295,2018-07-20T10:25:21,1116
838,68,,125,2018-06-10T21:21:49,138
839,27,,43,2018-05-31T10:38:51,643
840,29,28,,2018-05-29T09:00:25,5530
841,12,,230,2018-08-19T12:42:39,1936
842,94,,178,2018-06-30T17:46:05,135
843,48,,89,2018-07-25T20:06:36,179
844,4,,250,2018-07-08T04:18:49,143
845,6,,282,2018-07-07T21:38:36,1073
846,41,,55,2018-06-21T00:45:32,81
847,52,,99,2018-06-12T12:28:37,588
848,44,,268,2018-06-26T12:22:28,40
849,52,,112,2018-06-15T02:30:54,167
850,3,27,,2018-07-10T05:11:40,6057
851,58,,187,2018-07-02T15:44:29,123
852,15,,292,2018-06-03T14:11:24,1172
853,62,,32,2018-08-20T10:49:55,344
854,96,5,,2018-06-06T12:25:26,3460
855,62,,119,2018-06-14T13:32:56,2591
856,53,,12,2018-06-27T08:28:53,3313
857,8,,208,2018-07-01T21:06:30,421
858,39,,281,2018-06-23T07:35:10,790
859,34,,165,2018-07-01T22:01:50,142
860,47,,149,2018-07-11T11:05:26,2831
861,28,,187,2018-07-01T13:16:39,117
862,59,94,,2018-07-12T17:39:20,1445
863,59,,284,2018-07-28T10:35:59,2697
864,40,,133,2018-08-06T12:19:24,853
865,17,,73,2018-06-12T13:09:31,217
866,86,,225,2018-06-24T09:22:05,205
867,84,55,,2018-06-25T10:34:56,9970
868,25,,21,2018-07-07T18:16:42,180
869,95,,283,2018-08-17T10:31:36,174
870,11,,108,2018-08-12T12:10:34,1411
871,8,,80,2018-08-09T01:58:55,334
872,32,,45,2018-06-27T09:22:44,72
873,45,,92,2018-06-11T01:12:42,43
874,22,,204,2018-08-13T18:50:54,1457
875,94,,153,2018-06-24T03:06:12,64
876,84,,209,2018-08-05T03:05:49,2583
877,29,,122,2018-08-06T07:30:41,51
878,28,,223,2018-07-27T09:59:56,329
879,48,73,,2018-07-15T14:28:58,6366
880,36,,90,2018-07-06T10:15:16,2923
881,59,,144,2018-06-18T13:53:03,79
882,88,28,,2018-06-10T09:02:37,5659
883,90,,217,2018-07-05T21:56:51,1092
884,90,,257,2018-08-21T17:18:05,3336
885,1,,163,2018-07-27T20:35:24,27
886,80,,91,2018-06-15T13:40:17,121
887,21,,277,2018-07-25T19:29:39,28
888,33,,203,2018-06-22T05:57:54,18
889,54,32,,2018-07-08T00:40:10,3630
890,67,,235,2018-07-29T19:21:07,282
891,23,,147,2018-05-27T18:00:02,147
892,34,,168,2018-06-28T04:05:47,469
893,18,,92,2018-08-22T06:14:36,2526
894,7,,214,2018-05-31T23:39:45,132
895,84,,26,2018-06-03T08:43:04,73
896,74,7,,2018-07-13T01:02:09,4544
897,64,,106,2018-06-09T14:53:36,163
898,88,,2,2018-07-24T04:28:38,3124
899,9,,238,2018-07-13T18:16:41,550
900,10,55,,2018-08-06T21:55:48,9572
901,19,34,,2018-06-15T21:24:46,3866
902,9,,253,2018-06-19T04:34:33,82
903,91,,241,2018-06-27T02:10:15,577
904,56,100,,2018-07-29T18:13:16,6026
905,89,,102,2018-07-13T14:35:35,578
906,13,,76,2018-06-04T22:19:03,135
907,18,51,,2018-08-13T07:40:00,3531
908,41,75,,2018-07-17T06:20:28,1475
909,64,,174,2018-06-13T02:39:15,65
910,79,,55,2018-07-23T11:36:58,814
911,23,,162,2018-06-26T01:34:13,180
912,71,,271,2018-07-20T15:45:28,2094
913,73,,89,2018-06-04T16:00:02,18
914,51,,226,2018-06-14T14:09:52,134
915,33,,253,2018-06-26T14:50:33,347
916,81,,171,2018-08-18T22:52:39,146
917,76,39,,2018-05-28T00:44:58,10021
918,24,,233,2018-06-03T23:27:45,163
919,52,,179,2018-06-17T13:00:14,51
920,12,46,,2018-07-05T14:40:54,5923
921,35,,115,2018-07-26T10:43:23,712
922,20,,41,2018-08-12T23:40:28,91
923,75,17,,2018-07-30T22:38:30,3160
924,68,,28,2018-06-17T01:22:42,84
925,72,88,,2018-08-23T09:15:48,5317
926,12,,246,2018-07-18T10:06:19,116
927,56,,188,2018-06-25T02:15:37,975
928,8,,149,2018-06-21T03:50:46,913
929,96,,108,2018-07-29T09:14:04,66
930,23,,13,2018-07-11T04:07:23,148
931,47,,226,2018-06-04T21:46:09,1194
932,42,72,,2018-07-20T05:57:46,4993
933,7,,191,2018-07-11T21:02:06,895
934,46,,157,2018-07-11T10:32:51,311
935,16,,136,2018-06-13T12:12:24,2626
936,66,,227,2018-08-20T12:07:57,907
937,13,,175,2018-06-14T22:52:33,548
938,50,100,,2018-06-08T00:05:38,4395
939,38,,64,2018-07-30T18:19:38,6
940,25,,295,2018-06-24T16:44:49,139
941,13,,177,2018-06-01T04:01:58,131
942,85,59,,2018-07-28T08:28:38,9291
943,26,,158,2018-08-15T13:16:53,19
944,86,,205,2018-08-12T11:04:58,447
945,12,,184,2018-08-12T08:00:52,716
946,10,61,,2018-06-17T20:08:51,3932
947,56,,6,2018-08-25T00:34:37,403
948,72,,256,2018-06-10T12:30:15,16
949,85,,146,2018-06-16T02:51:44,891
950,99,,229,2018-08-05T02:23:40,80
951,48,,159,2018-06-17T16:56:22,103
952,36,,191,2018-08-24T04:37:55,499
953,24,20,,2018-06-26T03:48:00,3706
954,47,98,,2018-08-26T02:30:28,7146
955,3,,35,2018-07-03T00:16:52,3413
956,22,,159,2018-08-19T15:37:23,797
957,51,,85,2018-07-14T13:24:23,138
958,79,40,,2018-07-26T22:07:27,7148
959,32,,136,2018-07-05T19:38:39,31
960,32,78,,2018-05-27T11:41:42,9898
961,100,,145,2018-08-02T05:33:03,506
962,83,35,,2018-06-20T13:01:52,4484
963,13,,138,2018-08-03T05:34:35,112
964,22,,194,2018-07-04T13:09:25,773
965,21,,283,2018-06-02T20:38:51,637
966,77,,291,2018-08-04T13:36:56,11
967,37,,155,2018-08-02T12:03:31,135
968,78,,192,2018-07-11T08:38:13,1028
969,39,,218,2018-07-29T13:57:54,2616
970,89,,272,2018-06-12T03:58:52,1145
971,2,82,,2018-08-09T18:55:58,5311
972,23,,100,2018-08-04T09:29:11,106
973,60,,72,2018-08-03T06:03:16,912
974,59,,114,2018-05-28T06:56:54,218
975,35,,252,2018-07-12T15:49:17,376
976,56,,135,2018-08-12T23:45:02,853
977,89,,117,2018-07-14T08:35:44,42
978,27,,174,2018-06-01T05:13:57,683
979,96,,286,2018-06-11T12:38:28,199
980,6,,207,2018-08-14T17:56:00,49
981,78,,265,2018-07-03T17:55:55,111
982,45,,169,2018-07-04T05:28:47,882
983,47,,52,2018-07-03T02:54:22,832
984,1,,232,2018-08-18T19:28:12,2111
985,4,,79,2018-05-28T21:54:15,1721
986,78,,144,2018-07-18T01:57:18,174
987,46,,225,2018-08-12T15:51:01,151
988,55,,96,2018-07-18T03:05:43,89
989,73,,232,2018-06-10T23:16:57,636
990,85,32,,2018-07-14T02:39:24,3753
991,98,,267,2018-07-29T06:32:43,241
992,71,,112,2018-05-29T16:00:57,526
993,38,,151,2018-06-03T07:15:42,97
994,1,,202,2018-08-10T13:30:02,161
995,48,,205,2018-08-14T05:59:39,3375
996,20,,191,2018-05-28T09:15:05,161
997,15,,215,2018-07-14T08:31:04,118
998,59,,102,2018-08-09T07:20:33,118
999,57,,54,2018-07-28T19:24:56,84
1000,14,,275,2018-07-11T00:29:56,136