id,phone_number
1,+86 921 547 9004
2,+48 894 777 5173
3,+86 922 760 0418
4,+33 614 339 0298
5,+30 419 575 7546
6,+7 414 625 3019
7,+57 629 420 5680
8,+351 515 605 7915
9,+36 318 105 5629
10,+63 808 497 1769
11,+62 533 266 3426
12,+351 272 414 6570
13,+86 825 153 5518
14,+86 202 257 8619
15,+27 117 258 4149
16,+48 697 447 6933
17,+48 195 624 2025
18,+1 254 875 4647
19,+7 552 196 4096
20,+86 892 682 0628
21,+351 193 656 5262
22,+33 690 415 1431
23,+351 883 581 3751
24,+976 200 259 7486
25,+33 275 806 4842
26,+62 442 616 4700
27,+62 546 589 0805
28,+86 689 952 8046
29,+60 853 198 5328
30,+86 547 372 9492
31,+86 989 998 5001
32,+86 474 920 9675
33,+55 337 632 4995
34,+7 873 600 5716
35,+353 297 144 2317
36,+86 226 243 1746
37,+66 476 694 0263
38,+86 557 405 6681
39,+86 856 824 5215
40,+595 284 854 1145
41,+86 974 870 5788
42,+86 837 934 2184
43,+86 782 425 5756
44,+33 118 160 3538
45,+504 620 295 2525
46,+86 940 763 2162
47,+7 136 408 5882
48,+967 190 245 1537
49,+996 926 328 2482
50,+46 586 601 1387
51,+351 398 218 9116
52,+1 929 196 9254
53,+86 787 989 5295
54,+7 282 110 8736
55,+62 898 977 5098
56,+81 928 887 8969
57,+86 747 391 7943
58,+235 930 965 2190
59,+51 138 191 1399
60,+86 252 157 2705
61,+234 370 280 1569
62,+359 150 266 8547
63,+86 436 692 7490
64,+86 586 506 6067
65,+48 899 676 7713
66,+46 696 713 1592
67,+380 966 332 1685
68,+972 485 203 6986
69,+86 145 764 6894
70,+81 563 264 1993
71,+7 250 295 1424
72,+86 945 491 4744
73,+7 146 917 0207
74,+57 882 794 5532
75,+234 731 633 1022
76,+86 969 120 1043
77,+7 844 800 4367
78,+54 918 106 7139
79,+86 848 470 7531
80,+81 918 768 4173
81,+7 616 313 9033
82,+63 210 501 5367
83,+81 875 233 3294
84,+353 609 656 9016
85,+86 241 252 5167
86,+1 469 233 6069
87,+387 204 285 8067
88,+57 204 339 0594
89,+86 677 116 6374
90,+86 573 203 6463
91,+1 202 257 7864
92,+48 690 297 4549
93,+86 815 244 2113
94,+86 911 311 6313
95,+86 528 326 7970
96,+351 211 159 8126
97,+86 359 390 9829
98,+234 772 990 8535
99,+52 223 678 9386
100,+55 763 185 1340
101,+63 594 112 6128
102,+7 401 678 5075
103,+48 851 232 2656
104,+86 204 518 7830
105,+380 476 763 1286
106,+212 521 165 3985
107,+1 290 555 8205
108,+86 813 367 2711
109,+66 959 650 8056
110,+55 311 878 6029
111,+353 863 857 4894
112,+57 351 448 8514
113,+86 345 683 5046
114,+86 975 753 4666
115,+86 517 144 6586
116,+970 729 991 1150
117,+261 592 150 8648
118,+63 568 308 7439
119,+86 366 795 3504
120,+30 776 376 5893
121,+48 685 918 7460
122,+86 738 658 3239
123,+30 473 253 7585
124,+55 685 314 9379
125,+351 341 759 0598
126,+30 588 989 7601
127,+86 248 389 8617
128,+375 929 904 4126
129,+86 902 758 2289
130,+47 544 568 9437
131,+62 740 670 2621
132,+62 106 468 0924
133,+356 279 523 0402
134,+84 226 135 9243
135,+62 210 565 0115
136,+62 820 550 8107
137,+962 105 418 2424
138,+62 476 520 4304
139,+62 997 660 3320
140,+63 367 339 5563
141,+54 335 334 1966
142,+33 739 275 6004
143,+63 585 918 6925
144,+351 573 522 8513
145,+216 991 683 2243
146,+7 457 874 9277
147,+66 435 621 0363
148,+86 696 763 5271
149,+63 735 226 4468
150,+30 385 759 1411
151,+374 758 876 6667
152,+51 342 271 7550
153,+686 936 384 2972
154,+86 176 991 0789
155,+86 597 782 5745
156,+86 868 734 5069
157,+238 464 749 7553
158,+7 330 587 6318
159,+33 130 458 6541
160,+57 555 972 0633
161,+1 901 419 5903
162,+351 861 789 1765
163,+63 756 936 8563
164,+86 133 217 5321
165,+249 672 592 1575
166,+7 760 873 6560
167,+880 695 628 4908
168,+86 970 353 1268
169,+62 361 805 4508
170,+86 898 560 3861
171,+32 331 499 7500
172,+27 681 464 1394
173,+507 317 464 4324
174,+7 383 439 7314
175,+506 708 178 6852
176,+57 476 473 1122
177,+7 636 684 8842
178,+86 183 374 6732
179,+86 794 748 8593
180,+507 911 871 1991
181,+371 219 609 1595
182,+234 182 258 2664
183,+54 805 631 3053
184,+358 537 676 5596
185,+7 418 775 0946
186,+51 886 864 7025
187,+62 561 742 2917
188,+86 628 553 0478
189,+62 713 224 9007
190,+86 510 307 7158
191,+7 589 569 5267
192,+55 871 215 5403
193,+55 818 149 1788
194,+389 575 257 3539
195,+48 981 709 9977
196,+420 889 439 6249
197,+1 298 466 9632
198,+86 521 430 5953
199,+55 904 918 5912
200,+81 114 362 8865
201,+33 365 243 5088
202,+62 428 249 3712
203,+55 338 892 1994
204,+86 163 534 8518
205,+63 682 619 1420
206,+86 984 961 8903
207,+506 400 127 9796
208,+62 438 838 0450
209,+7 562 888 4228
210,+86 492 461 2951
211,+48 735 538 2574
212,+63 705 641 2260
213,+965 148 209 6906
214,+46 581 906 2649
215,+57 152 830 0336
216,+62 541 969 0814
217,+63 536 683 3262
218,+7 134 869 6173
219,+212 123 830 9119
220,+86 274 242 4646
221,+63 584 757 2676
222,+86 211 590 1388
223,+34 547 482 5737
224,+81 952 168 4332
225,+98 952 780 7895
226,+351 539 323 5343
227,+255 587 909 4812
228,+57 609 779 5176
229,+55 231 788 9595
230,+86 254 446 9617
231,+98 656 313 0103
232,+86 825 682 2692
233,+48 454 123 2284
234,+98 475 945 8883
235,+53 518 683 3767
236,+55 202 752 1841
237,+351 964 407 2558
238,+86 834 941 7510
239,+967 974 664 3827
240,+86 440 782 2622
241,+84 372 761 1600
242,+48 972 978 5313
243,+46 918 610 6530
244,+242 287 226 0957
245,+1 841 103 5702
246,+62 222 827 2055
247,+66 968 183 5601
248,+86 437 159 4156
249,+370 880 337 1744
250,+92 994 237 3140
251,+86 310 342 4334
252,+48 327 319 3731
253,+86 608 352 6646
254,+86 890 802 2943
255,+967 362 261 2147
256,+46 425 813 2534
257,+62 358 986 3837
258,+33 596 442 8992
259,+86 323 137 2175
260,+86 976 128 0131
261,+86 281 181 8145
262,+86 186 512 0374
263,+84 376 781 0709
264,+62 917 766 2299
265,+261 719 322 0246
266,+86 323 461 0569
267,+86 133 298 2856
268,+48 415 130 4060
269,+82 340 347 2830
270,+963 581 584 9910
271,+420 684 726 9447
272,+62 391 403 5968
273,+380 536 814 3789
274,+62 291 610 7715
275,+351 478 892 3904
276,+81 438 800 8185
277,+86 586 994 5940
278,+7 555 819 6329
279,+502 865 188 9557
280,+33 129 764 5848
281,+353 814 506 4700
282,+54 551 794 1201
283,+86 674 310 1152
284,+351 174 748 3855
285,+55 492 114 4068
286,+86 327 481 6517
287,+63 895 969 5583
288,+351 960 435 4039
289,+64 793 983 6804
290,+86 940 564 9262
291,+1 230 625 7114
292,+998 677 789 7127
293,+86 701 269 0124
294,+212 180 649 3257
295,+371 496 261 5112
296,+358 500 913 8251
297,+380 631 874 7782
298,+57 722 575 9749
299,+57 623 746 8581
300,+971 477 289 5571
