first_name,last_name,phone_number,city,age
Melli,Winchcum,+7 171 898 0853,Mozdok,40
Celinda,Bonick,+370 351 224 5176,Tytuvėnėliai,55
Chryste,Lilywhite,+81 308 988 7153,Rumoi,66
D'arcy,Byfford,+54 398 559 0423,La Calera,67
Xylina,D'Alesco,+7 690 597 4443,Tikhvin,25
Roldan,Cometti,+263 498 495 0617,Gokwe,59
Cob,Lafflin,+63 815 962 6097,Cabalaoangan,48
Olag,Heakey,+81 746 154 2598,Tōkamachi,45
Mandie,Assender,+261 860 539 4754,Ambohitseheno,59
Elenore,Stokey,+62 107 530 7500,Sindangrasa,35
Angela,Studders,+7 454 540 0474,Krivodanovka,18
Urbanus,Colthurst,+62 493 645 0239,Plataran,49
Mina,Coombe,+63 354 310 6825,Ozamiz City,47
Benn,Hartrick,+54 890 522 5284,Lanús,15
Benedetto,Clive,+45 792 227 1110,København,55
Cthrine,Arnholtz,+355 556 407 0145,Kukës,18
Leeanne,Hollerin,+386 487 202 8409,Slovenj Gradec,58
Bjorn,Liddel,+66 406 272 0080,Bang Rakam,22
Virgilio,Scolli,+62 635 323 3882,Sembungan Kidul,43
Ibby,Andrusyak,+86 521 724 9687,Xiaoxi,51
Binny,Gecks,+46 946 207 0186,Kävlinge,39
Tana,Berrill,+81 153 962 4648,Shiraoka,44
Tove,Cohani,+62 421 486 9194,Atengmelang,21
Peyton,Treppas,+55 125 114 0729,Escada,46
Theresa,McKomb,+49 466 689 9075,Düsseldorf,55
Kessiah,Sapson,+63 227 257 2272,Silongin,55
Bradford,Emlen,+33 899 450 7675,Issy-les-Moulineaux,19
Moe,Ragbourne,+66 615 504 8426,Khon Buri,21
Hort,Leemans,+48 503 552 2864,Rogóźno,51
Marquita,Dron,+57 876 719 4988,Puerto Asís,69
Othello,Lampart,+63 408 206 3263,Banga,41
Guillermo,Beernaert,+7 722 998 0596,Burunday,41
Sigmund,Bertolaccini,+1 136 994 5079,Saint-Tite,36
Celine,Clowes,+420 538 824 5280,Doubrava,56
Fawnia,Fleckno,+62 441 776 5105,Guwoterus,14
Marsiella,Hevner,+686 141 630 2349,Rawannawi Village,39
Kizzie,Stores,+1 210 254 8475,San Antonio,44
Hildagarde,Johnstone,+62 163 815 9844,Purabaya,35
Frasier,Pride,+252 588 156 8989,Dhuusamarreeb,59
Valentin,Paver,+86 666 694 3017,Wangzha,44
Myron,Rowter,+351 699 781 7790,São Domingos de Rana,63
Daveen,Isgate,+850 471 675 1116,Chunghwa,40
Agnesse,Ruppele,+95 983 880 9416,Kyaiklat,46
Elmira,Rawlison,+63 631 854 2672,Maonon,48
Gabbey,Clendinning,+389 785 553 2178,Gurgurnica,22
Doro,Judson,+33 454 926 8596,Le Mans,58
Francois,Bernhardsson,+216 124 435 9613,Ksour Essaf,57
Lilllie,Morten,+1 424 265 8640,Kirkland,30
Conroy,Chowne,+55 316 423 7951,Brasília,14
Minette,Izkovici,+1 253 601 5208,Tacoma,50
Deane,Tricker,+49 106 684 3294,Hamburg,51
Purcell,Kulas,+63 958 715 1786,Macayug,41
Wilmette,Whimper,+30 328 155 8097,Loutrós,62
Molly,Fosbraey,+86 467 545 3578,Meipu,17
Esme,Guye,+31 461 329 9985,Drachten,68
Annemarie,Branwhite,+62 828 512 9172,Tobilolong,48
Cordell,Darkins,+7 884 177 0089,Sukhinichi,20
Esme,Haysey,+62 235 664 6205,Mantingantengah,17
Briney,Sherrock,+62 429 757 5087,Kimaam,56
Bartholemy,Ridesdale,+351 235 124 9020,Brejoeira,21
Alain,Gawthrope,+62 477 203 1324,Banjar Wates Tengah,15
Berny,Darcy,+591 948 181 0275,Nueva Manoa,16
Hillary,Brobak,+62 691 123 7989,Ombarade,42
Ignaz,Genese,+351 543 997 4318,Arrabal,24
Abba,Kembrey,+221 577 657 7754,Ndibène Dahra,39
Alwin,Jakeway,+7 371 758 4851,Burunday,20
William,Stackbridge,+58 309 892 3683,Baruta,56
Alasteir,Drei,+55 595 171 0583,Conceição do Araguaia,34
Delbert,Ingon,+351 149 297 1404,Vairão,17
Gare,Bolstridge,+380 193 998 0755,Varva,18
Hermia,Niccols,+63 699 640 6521,Palangue,64
Maisey,Baumert,+255 288 243 6585,Malya,16
Morgen,Busson,+1 384 132 9095,Sabana Iglesia,29
Odelle,Janaud,+86 369 549 0595,Dongbei,69
Kate,Heistermann,+880 194 102 3763,Netrakona,16
Brandy,Clery,+48 605 399 6898,Kraśniczyn,44
Nelie,Rickis,+98 238 641 5078,Bābolsar,16
Modestine,Klampt,+27 407 187 3101,Flagstaff,16
Tedman,Saleway,+86 262 669 5847,Yujia’ao,28
Cesar,Jecks,+58 107 155 8233,Chaguaramas,35
Alan,Ahlf,+33 789 705 4973,Perpignan,15
Wes,Lockey,+86 231 940 5196,Xialaba,53
Loutitia,Raddan,+597 769 358 0569,Lelydorp,35
Dominic,Marking,+374 531 732 9074,Archis,58
Valerie,Cadagan,+51 415 553 5490,Acas,56
Chick,Bugler,+7 235 325 7495,Bestöbe,62
Dennie,McNicol,+1 662 380 0589,Senneterre,31
Curt,Drinkwater,+51 901 242 0584,San Lorenzo,47
Bucky,Gellier,+49 686 145 1656,Rostock,21
Erie,Elkins,+62 587 949 6348,Cilebang Satu,52
Jaimie,Hollyman,+86 682 953 4286,Daidaon,19
Russell,Navarro,+86 939 147 9288,Qinghe,65
Alvy,McLenaghan,+86 172 496 6097,Jiandou,54
Culley,Ickovicz,+63 390 716 1146,Lalauigan,25
Morna,Placidi,+62 362 318 0581,Tangerang,38
Udell,McElhinney,+48 708 591 4609,Zagórnik,63
Xever,Sutty,+52 345 844 0838,Emiliano Zapata,50
Norbert,Gudger,+47 287 788 2428,Larvik,35
Ara,Riggs,+46 983 626 0444,Rimbo,52
Xena,Okenden,+62 728 538 7442,Doropayung,37
,,+86 921 547 9004,,
,,+48 894 777 5173,,
,,+86 922 760 0418,,
,,+33 614 339 0298,,
,,+30 419 575 7546,,
,,+7 414 625 3019,,
,,+57 629 420 5680,,
,,+351 515 605 7915,,
,,+36 318 105 5629,,
,,+63 808 497 1769,,
,,+62 533 266 3426,,
,,+351 272 414 6570,,
,,+86 825 153 5518,,
,,+86 202 257 8619,,
,,+27 117 258 4149,,
,,+48 697 447 6933,,
,,+48 195 624 2025,,
,,+1 254 875 4647,,
,,+7 552 196 4096,,
,,+86 892 682 0628,,
,,+351 193 656 5262,,
,,+33 690 415 1431,,
,,+351 883 581 3751,,
,,+976 200 259 7486,,
,,+33 275 806 4842,,
,,+62 442 616 4700,,
,,+62 546 589 0805,,
,,+86 689 952 8046,,
,,+60 853 198 5328,,
,,+86 547 372 9492,,
,,+86 989 998 5001,,
,,+86 474 920 9675,,
,,+55 337 632 4995,,
,,+7 873 600 5716,,
,,+353 297 144 2317,,
,,+86 226 243 1746,,
,,+66 476 694 0263,,
,,+86 557 405 6681,,
,,+86 856 824 5215,,
,,+595 284 854 1145,,
,,+86 974 870 5788,,
,,+86 837 934 2184,,
,,+86 782 425 5756,,
,,+33 118 160 3538,,
,,+504 620 295 2525,,
,,+86 940 763 2162,,
,,+7 136 408 5882,,
,,+967 190 245 1537,,
,,+996 926 328 2482,,
,,+46 586 601 1387,,
,,+351 398 218 9116,,
,,+1 929 196 9254,,
,,+86 787 989 5295,,
,,+7 282 110 8736,,
,,+62 898 977 5098,,
,,+81 928 887 8969,,
,,+86 747 391 7943,,
,,+235 930 965 2190,,
,,+51 138 191 1399,,
,,+86 252 157 2705,,
,,+234 370 280 1569,,
,,+359 150 266 8547,,
,,+86 436 692 7490,,
,,+86 586 506 6067,,
,,+48 899 676 7713,,
,,+46 696 713 1592,,
,,+380 966 332 1685,,
,,+972 485 203 6986,,
,,+86 145 764 6894,,
,,+81 563 264 1993,,
,,+7 250 295 1424,,
,,+86 945 491 4744,,
,,+7 146 917 0207,,
,,+57 882 794 5532,,
,,+234 731 633 1022,,
,,+86 969 120 1043,,
,,+7 844 800 4367,,
,,+54 918 106 7139,,
,,+86 848 470 7531,,
,,+81 918 768 4173,,
,,+7 616 313 9033,,
,,+63 210 501 5367,,
,,+81 875 233 3294,,
,,+353 609 656 9016,,
,,+86 241 252 5167,,
,,+1 469 233 6069,,
,,+387 204 285 8067,,
,,+57 204 339 0594,,
,,+86 677 116 6374,,
,,+86 573 203 6463,,
,,+1 202 257 7864,,
,,+48 690 297 4549,,
,,+86 815 244 2113,,
,,+86 911 311 6313,,
,,+86 528 326 7970,,
,,+351 211 159 8126,,
,,+86 359 390 9829,,
,,+234 772 990 8535,,
,,+52 223 678 9386,,
,,+55 763 185 1340,,
,,+63 594 112 6128,,
,,+7 401 678 5075,,
,,+48 851 232 2656,,
,,+86 204 518 7830,,
,,+380 476 763 1286,,
,,+212 521 165 3985,,
,,+1 290 555 8205,,
,,+86 813 367 2711,,
,,+66 959 650 8056,,
,,+55 311 878 6029,,
,,+353 863 857 4894,,
,,+57 351 448 8514,,
,,+86 345 683 5046,,
,,+86 975 753 4666,,
,,+86 517 144 6586,,
,,+970 729 991 1150,,
,,+261 592 150 8648,,
,,+63 568 308 7439,,
,,+86 366 795 3504,,
,,+30 776 376 5893,,
,,+48 685 918 7460,,
,,+86 738 658 3239,,
,,+30 473 253 7585,,
,,+55 685 314 9379,,
,,+351 341 759 0598,,
,,+30 588 989 7601,,
,,+86 248 389 8617,,
,,+375 929 904 4126,,
,,+86 902 758 2289,,
,,+47 544 568 9437,,
,,+62 740 670 2621,,
,,+62 106 468 0924,,
,,+356 279 523 0402,,
,,+84 226 135 9243,,
,,+62 210 565 0115,,
,,+62 820 550 8107,,
,,+962 105 418 2424,,
,,+62 476 520 4304,,
,,+62 997 660 3320,,
,,+63 367 339 5563,,
,,+54 335 334 1966,,
,,+33 739 275 6004,,
,,+63 585 918 6925,,
,,+351 573 522 8513,,
,,+216 991 683 2243,,
,,+7 457 874 9277,,
,,+66 435 621 0363,,
,,+86 696 763 5271,,
,,+63 735 226 4468,,
,,+30 385 759 1411,,
,,+374 758 876 6667,,
,,+51 342 271 7550,,
,,+686 936 384 2972,,
,,+86 176 991 0789,,
,,+86 597 782 5745,,
,,+86 868 734 5069,,
,,+238 464 749 7553,,
,,+7 330 587 6318,,
,,+33 130 458 6541,,
,,+57 555 972 0633,,
,,+1 901 419 5903,,
,,+351 861 789 1765,,
,,+63 756 936 8563,,
,,+86 133 217 5321,,
,,+249 672 592 1575,,
,,+7 760 873 6560,,
,,+880 695 628 4908,,
,,+86 970 353 1268,,
,,+62 361 805 4508,,
,,+86 898 560 3861,,
,,+32 331 499 7500,,
,,+27 681 464 1394,,
,,+507 317 464 4324,,
,,+7 383 439 7314,,
,,+506 708 178 6852,,
,,+57 476 473 1122,,
,,+7 636 684 8842,,
,,+86 183 374 6732,,
,,+86 794 748 8593,,
,,+507 911 871 1991,,
,,+371 219 609 1595,,
,,+234 182 258 2664,,
,,+54 805 631 3053,,
,,+358 537 676 5596,,
,,+7 418 775 0946,,
,,+51 886 864 7025,,
,,+62 561 742 2917,,
,,+86 628 553 0478,,
,,+62 713 224 9007,,
,,+86 510 307 7158,,
,,+7 589 569 5267,,
,,+55 871 215 5403,,
,,+55 818 149 1788,,
,,+389 575 257 3539,,
,,+48 981 709 9977,,
,,+420 889 439 6249,,
,,+1 298 466 9632,,
,,+86 521 430 5953,,
,,+55 904 918 5912,,
,,+81 114 362 8865,,
,,+33 365 243 5088,,
,,+62 428 249 3712,,
,,+55 338 892 1994,,
,,+86 163 534 8518,,
,,+63 682 619 1420,,
,,+86 984 961 8903,,
,,+506 400 127 9796,,
,,+62 438 838 0450,,
,,+7 562 888 4228,,
,,+86 492 461 2951,,
,,+48 735 538 2574,,
,,+63 705 641 2260,,
,,+965 148 209 6906,,
,,+46 581 906 2649,,
,,+57 152 830 0336,,
,,+62 541 969 0814,,
,,+63 536 683 3262,,
,,+7 134 869 6173,,
,,+212 123 830 9119,,
,,+86 274 242 4646,,
,,+63 584 757 2676,,
,,+86 211 590 1388,,
,,+34 547 482 5737,,
,,+81 952 168 4332,,
,,+98 952 780 7895,,
,,+351 539 323 5343,,
,,+255 587 909 4812,,
,,+57 609 779 5176,,
,,+55 231 788 9595,,
,,+86 254 446 9617,,
,,+98 656 313 0103,,
,,+86 825 682 2692,,
,,+48 454 123 2284,,
,,+98 475 945 8883,,
,,+53 518 683 3767,,
,,+55 202 752 1841,,
,,+351 964 407 2558,,
,,+86 834 941 7510,,
,,+967 974 664 3827,,
,,+86 440 782 2622,,
,,+84 372 761 1600,,
,,+48 972 978 5313,,
,,+46 918 610 6530,,
,,+242 287 226 0957,,
,,+1 841 103 5702,,
,,+62 222 827 2055,,
,,+66 968 183 5601,,
,,+86 437 159 4156,,
,,+370 880 337 1744,,
,,+92 994 237 3140,,
,,+86 310 342 4334,,
,,+48 327 319 3731,,
,,+86 608 352 6646,,
,,+86 890 802 2943,,
,,+967 362 261 2147,,
,,+46 425 813 2534,,
,,+62 358 986 3837,,
,,+33 596 442 8992,,
,,+86 323 137 2175,,
,,+86 976 128 0131,,
,,+86 281 181 8145,,
,,+86 186 512 0374,,
,,+84 376 781 0709,,
,,+62 917 766 2299,,
,,+261 719 322 0246,,
,,+86 323 461 0569,,
,,+86 133 298 2856,,
,,+48 415 130 4060,,
,,+82 340 347 2830,,
,,+963 581 584 9910,,
,,+420 684 726 9447,,
,,+62 391 403 5968,,
,,+380 536 814 3789,,
,,+62 291 610 7715,,
,,+351 478 892 3904,,
,,+81 438 800 8185,,
,,+86 586 994 5940,,
,,+7 555 819 6329,,
,,+502 865 188 9557,,
,,+33 129 764 5848,,
,,+353 814 506 4700,,
,,+54 551 794 1201,,
,,+86 674 310 1152,,
,,+351 174 748 3855,,
,,+55 492 114 4068,,
,,+86 327 481 6517,,
,,+63 895 969 5583,,
,,+351 960 435 4039,,
,,+64 793 983 6804,,
,,+86 940 564 9262,,
,,+1 230 625 7114,,
,,+998 677 789 7127,,
,,+86 701 269 0124,,
,,+212 180 649 3257,,
,,+371 496 261 5112,,
,,+358 500 913 8251,,
,,+380 631 874 7782,,
,,+57 722 575 9749,,
,,+57 623 746 8581,,
,,+971 477 289 5571,,
